Word,Count
the,14
service,10
to,10
worker,9
is,9
on,8
a,8
page,4
this,4
localhost,4
This,4
if,4
and,4
are,4
not,3
in,3
it,3
been,3
you,3
app,3
offline,3
all,3
that,3
for,3
found,3
updated,2
load,2
subsequent,2
about,2
content,2
used,2
more,2
callback,2
cached,2
register,2
learn,2
Execute,2
precached,2
still,2
can,2
see,2
serve,2
will,2
some,2
\point,\,2
developers,2
register(),2
work,2
If,2
visits,2
has,2
,2
tabs,2
At,2
https://bit.ly/CRA-PWA,2
different,2
running,1
available,1
\However,\,1
comes,1
happen,1
Ensure,1
lets,1
matchers,1
Proceed,1
closed,1
bit.ly/CRA-PWA',1
we,1
considered,1
perfect,1
Open,1
constructor,1
deployed,1
called,1
\closed,\,1
\page,\,1
code,1
JS,1
be,1
\"\Content\,1
what,1
Probably,1
Service,1
as,1
bit.ly/CRA-PWA.',1
IPv6,1
support,1
address,1
origin,1
It's,1
really,1
message,1
of,1
default,1
worker/PWA,1
everything,1
\use."\\,1
browsers,1
(and,1
https://github.com/facebook/create-react-app/issues/2374,1
change,1
URL,1
\opt-in,\,1
SW,1
logging,1
unregister(),1
optional,1
our,1
https://github.com/testing-library/jest-dom,1
jest,1
jest-dom,1
capabilities,1
additional,1
getting,1
can't,1
means,1
adds,1
Check,1
expect(element).toHaveTextContent(/react/i),1
how,1
allows,1
PUBLIC_URL,1
\faster,\,1
pitfalls,1
workers:,1
but,1
also,1
The,1
CDN,1
exists,1
\production,\,1
Reload,1
since,1
users),1
read,1
served,1
Menu,1
like:,1
pointing,1
won't,1
assets;,1
model,1
Just,1
Note,1
No,1
normal,1
\localhost,\,1
[::1],1
with,1
below,1
Add,1
previous,1
open,1
DOM,1
things,1
resources,1
by,1
previously,1
custom,1
gives,1
older,1
do,1
asserting,1
display,1
your,1
might,1
updates,1
Profile,1
Learn,1
\fetched,\,1
To,1
client,1
\exists,\,1
only,1
have,1
check,1
background,1
instructions,1
Let's,1
want,1
benefits,1
file,1
or,1
Is,1
existing,1
nodes,1
after,1
hamburguer,1
from,1
time,1
reload,1
more:,1
faster,1
IPv4,1
127.0.0.0/8,1
documentation,1
until,1
Our,1
